Image,target
508.jpg,bharatanatyam
246.jpg,sattriya
473.jpg,mohiniyattam
485.jpg,odissi
128.jpg,kathak
410.jpg,kuchipudi
465.jpg,kathakali
196.jpg,odissi
340.jpg,odissi
467.jpg,odissi
306.jpg,mohiniyattam
171.jpg,bharatanatyam
323.jpg,sattriya
332.jpg,kathakali
330.jpg,sattriya
170.jpg,bharatanatyam
479.jpg,mohiniyattam
9.jpg,bharatanatyam
283.jpg,mohiniyattam
114.jpg,odissi
507.jpg,kuchipudi
183.jpg,kathakali
200.jpg,kathakali
457.jpg,kuchipudi
264.jpg,mohiniyattam
194.jpg,kathakali
518.jpg,mohiniyattam
175.jpg,bharatanatyam
64.jpg,kathakali
152.jpg,bharatanatyam
270.jpg,manipuri
125.jpg,odissi
38.jpg,manipuri
440.jpg,mohiniyattam
302.jpg,mohiniyattam
394.jpg,odissi
448.jpg,odissi
463.jpg,odissi
20.jpg,manipuri
301.jpg,kuchipudi
28.jpg,kathak
61.jpg,kathak
398.jpg,odissi
349.jpg,odissi
271.jpg,mohiniyattam
286.jpg,mohiniyattam
431.jpg,kuchipudi
316.jpg,mohiniyattam
224.jpg,kathakali
411.jpg,kuchipudi
278.jpg,mohiniyattam
456.jpg,mohiniyattam
45.jpg,kathak
324.jpg,kuchipudi
6.jpg,kathakali
59.jpg,mohiniyattam
86.jpg,kuchipudi
470.jpg,odissi
374.jpg,kathakali
132.jpg,sattriya
216.jpg,kathakali
95.jpg,sattriya
17.jpg,kathak
162.jpg,mohiniyattam
346.jpg,kuchipudi
439.jpg,kuchipudi
232.jpg,kathakali
150.jpg,kuchipudi
401.jpg,odissi
145.jpg,kuchipudi
23.jpg,kathak
514.jpg,kuchipudi
193.jpg,kathak
416.jpg,mohiniyattam
447.jpg,kathak
220.jpg,kathakali
505.jpg,sattriya
147.jpg,sattriya
210.jpg,mohiniyattam
40.jpg,bharatanatyam
284.jpg,mohiniyattam
55.jpg,kuchipudi
378.jpg,mohiniyattam
520.jpg,kathakali
484.jpg,kuchipudi
112.jpg,kathakali
360.jpg,kathak
317.jpg,kathak
71.jpg,kathakali
202.jpg,mohiniyattam
92.jpg,manipuri
11.jpg,mohiniyattam
67.jpg,odissi
138.jpg,odissi
506.jpg,kuchipudi
146.jpg,mohiniyattam
318.jpg,odissi
198.jpg,sattriya
375.jpg,odissi
41.jpg,mohiniyattam
421.jpg,mohiniyattam
129.jpg,kathakali
14.jpg,bharatanatyam
460.jpg,kathakali
34.jpg,bharatanatyam
380.jpg,kuchipudi
238.jpg,kathakali
392.jpg,odissi
80.jpg,manipuri
517.jpg,odissi
13.jpg,sattriya
189.jpg,kathakali
390.jpg,kuchipudi
487.jpg,odissi
438.jpg,kuchipudi
482.jpg,sattriya
206.jpg,kathakali
217.jpg,kathakali
285.jpg,mohiniyattam
385.jpg,kuchipudi
495.jpg,odissi
269.jpg,kuchipudi
429.jpg,odissi
291.jpg,mohiniyattam
461.jpg,odissi
256.jpg,mohiniyattam
48.jpg,kuchipudi
290.jpg,sattriya
437.jpg,odissi
498.jpg,odissi
173.jpg,kathakali
280.jpg,manipuri
119.jpg,bharatanatyam
363.jpg,kathakali
97.jpg,kathakali
414.jpg,kathakali
386.jpg,odissi
424.jpg,manipuri
157.jpg,odissi
33.jpg,kathak
354.jpg,sattriya
57.jpg,kathak
108.jpg,sattriya
239.jpg,odissi
441.jpg,kuchipudi
215.jpg,kathakali
373.jpg,odissi
292.jpg,sattriya
110.jpg,manipuri
510.jpg,mohiniyattam
275.jpg,sattriya
366.jpg,sattriya
226.jpg,kathakali
35.jpg,kathak
458.jpg,odissi
358.jpg,sattriya
